dist,force
5.978295963597762466e+02,0.000000000000000000e+00
6.045355887139621700e+02,0.000000000000000000e+00
6.114011916318679596e+02,0.000000000000000000e+00
6.180508579860205600e+02,0.000000000000000000e+00
6.235306126685982235e+02,0.000000000000000000e+00
6.276881975937068319e+02,0.000000000000000000e+00
6.309419575393575315e+02,0.000000000000000000e+00
6.329461354162222051e+02,0.000000000000000000e+00
6.339426205812167154e+02,0.000000000000000000e+00
6.342328802774421774e+02,0.000000000000000000e+00
6.343189724553288897e+02,0.000000000000000000e+00
6.338043620303725447e+02,0.000000000000000000e+00
6.332082813721705179e+02,0.000000000000000000e+00
6.325002198361175942e+02,0.000000000000000000e+00
6.319031273996439495e+02,0.000000000000000000e+00
6.309867047086688672e+02,8.000000000000000000e+00
6.296982924644523791e+02,nan
6.288506273836895843e+02,nan
6.277942364187899784e+02,nan
6.268473794421646517e+02,3.299999999999999822e+00
6.255452795228268315e+02,3.299999999999999822e+00
6.243053439664898860e+02,9.800000000000000711e+00
6.187978273785009833e+02,9.800000000000000711e+00
6.179805881884209384e+02,9.800000000000000711e+00
6.170979631444051847e+02,5.500000000000000000e+00
6.156372897268464612e+02,5.900000000000000355e+00
6.144247620101235725e+02,nan
6.133193944560034652e+02,6.099999999999999645e+00
6.116161445146590268e+02,6.900000000000000355e+00
6.101199485531691380e+02,6.900000000000000355e+00
6.085226977307385141e+02,6.900000000000000355e+00
6.071704108948861176e+02,6.900000000000000355e+00
6.055494824705500605e+02,nan
6.037304527780389662e+02,7.900000000000000355e+00
5.954149950325736427e+02,8.800000000000000711e+00
5.853006166463659383e+02,nan
5.829581718346079242e+02,1.150000000000000000e+01
5.801305155470752197e+02,nan
5.770379254452410578e+02,nan
5.741893401899246783e+02,1.259999999999999964e+01
5.720437951893312629e+02,nan
5.696865874687588303e+02,nan
5.675454486408900721e+02,1.350000000000000000e+01
5.654481992343019101e+02,1.350000000000000000e+01
5.625488537151210267e+02,1.430000000000000071e+01
5.610513029101016400e+02,nan
5.593344158701008837e+02,nan
5.582522764161603845e+02,1.519999999999999929e+01
5.568015190844436120e+02,nan
5.553987389995623971e+02,nan
5.539964141058795803e+02,1.630000000000000071e+01
5.512763646775415509e+02,nan
5.500295566590295948e+02,nan
5.486088381195899046e+02,1.830000000000000071e+01
5.475829332364223774e+02,nan
5.465143677436199141e+02,1.810000000000000142e+01
5.460344702649789497e+02,1.830000000000000071e+01
5.448637023415667500e+02,1.880000000000000071e+01
5.445281981761812631e+02,1.880000000000000071e+01
5.437473398284896575e+02,1.880000000000000071e+01
5.432890608870511642e+02,1.889999999999999858e+01
5.424306883245836843e+02,1.930000000000000071e+01
5.418247801193847408e+02,1.980000000000000071e+01
5.414248037118684351e+02,1.980000000000000071e+01
5.401071339941320275e+02,1.980000000000000071e+01
5.389512318319711994e+02,1.880000000000000071e+01
5.385206554384197943e+02,nan
5.383354413443947806e+02,2.010000000000000142e+01
5.378224087446704971e+02,2.039999999999999858e+01
5.374073377004272061e+02,2.039999999999999858e+01
5.368043842566601143e+02,2.039999999999999858e+01
5.365895397844475383e+02,2.080000000000000071e+01
5.364215520087860796e+02,2.080000000000000071e+01
5.360169009139015088e+02,2.060000000000000142e+01
5.361520796445145152e+02,2.080000000000000071e+01
5.356962372862225266e+02,nan
5.360923293533501237e+02,nan
5.361603288819580939e+02,2.080000000000000071e+01
5.360663039019805183e+02,2.080000000000000071e+01
5.360279469260449332e+02,2.080000000000000071e+01
5.362306732315915951e+02,2.080000000000000071e+01
5.361117337767252593e+02,2.080000000000000071e+01
5.360867707673875202e+02,2.080000000000000071e+01
5.353163813312936554e+02,2.080000000000000071e+01
5.357609653363114148e+02,nan
5.358184828397223782e+02,nan
5.360151852724010269e+02,2.069999999999999929e+01
5.358235941142110050e+02,2.069999999999999929e+01
5.361126319762439607e+02,2.069999999999999929e+01
5.361757980687265217e+02,nan
5.364725632565497335e+02,2.060000000000000142e+01
5.365434742780905708e+02,2.060000000000000142e+01
5.367931963234187833e+02,2.060000000000000142e+01
5.364444505284860725e+02,2.060000000000000142e+01
5.366883952941833513e+02,2.060000000000000142e+01
5.367461619695404806e+02,2.080000000000000071e+01
5.368934904028926667e+02,2.080000000000000071e+01
5.368889574298243588e+02,2.039999999999999858e+01
5.368862937286332908e+02,2.089999999999999858e+01
5.366648745777887370e+02,2.089999999999999858e+01
5.364839314256554417e+02,2.030000000000000071e+01
5.367762974616796328e+02,2.030000000000000071e+01
5.370571089540993626e+02,2.030000000000000071e+01
5.369832359329707288e+02,2.030000000000000071e+01
5.369829272638503426e+02,nan
5.370702133526970101e+02,nan
5.370019181726569286e+02,2.019999999999999929e+01
5.372136222438560935e+02,nan
5.373354637159662843e+02,nan
5.370776205806326971e+02,2.010000000000000142e+01
5.372110525964404815e+02,2.010000000000000142e+01
5.372420885574475733e+02,2.010000000000000142e+01
5.374121062918407006e+02,2.010000000000000142e+01
5.373942173514121805e+02,2.010000000000000142e+01
5.370819038552127722e+02,2.010000000000000142e+01
5.368863229812359350e+02,2.010000000000000142e+01
5.368442398464146663e+02,2.010000000000000142e+01
5.367441829418720545e+02,2.010000000000000142e+01
5.366705059660083634e+02,2.010000000000000142e+01
5.367095394713675205e+02,2.010000000000000142e+01
5.366555906166275918e+02,2.010000000000000142e+01
5.367273698908207962e+02,2.010000000000000142e+01
5.367059281677911713e+02,nan
5.366740894014162677e+02,2.000000000000000000e+01
5.364393827045074659e+02,2.000000000000000000e+01
5.365829111610892141e+02,2.000000000000000000e+01
5.365399990430037178e+02,2.000000000000000000e+01
5.367600822121795545e+02,2.000000000000000000e+01
5.366417365470950926e+02,2.000000000000000000e+01
5.366146505150833264e+02,2.000000000000000000e+01
5.367810471342045275e+02,2.000000000000000000e+01
5.367970202372827089e+02,2.000000000000000000e+01
5.367145237653638787e+02,2.000000000000000000e+01
5.367145237653638787e+02,2.000000000000000000e+01
5.368745928152178521e+02,2.000000000000000000e+01
5.368745928152178521e+02,2.000000000000000000e+01
5.367303152304787091e+02,2.000000000000000000e+01
5.369127706362506842e+02,nan
5.369643617403369262e+02,1.989999999999999858e+01
5.370421983404555704e+02,1.989999999999999858e+01
5.371575283415849071e+02,1.989999999999999858e+01
5.371162652859604805e+02,1.989999999999999858e+01
5.368515000859866859e+02,1.989999999999999858e+01
5.362605567837669014e+02,1.989999999999999858e+01
5.360944712586917831e+02,1.989999999999999858e+01
5.361461442811960296e+02,1.989999999999999858e+01
5.363882127982431030e+02,1.980000000000000071e+01
5.364214127400448433e+02,1.980000000000000071e+01
5.365893828953843467e+02,1.980000000000000071e+01
5.368357686468641532e+02,1.980000000000000071e+01
5.367910571160310838e+02,nan
5.364772188022943737e+02,nan
5.365613029646967789e+02,1.989999999999999858e+01
5.365723386449906229e+02,1.989999999999999858e+01
5.366040972619451850e+02,1.950000000000000000e+01
5.365505707862198506e+02,1.950000000000000000e+01
5.365920118976270032e+02,1.950000000000000000e+01
5.364200863614661330e+02,1.950000000000000000e+01
5.363583003892828174e+02,1.950000000000000000e+01
5.362794554653025898e+02,1.950000000000000000e+01
5.364852601785445358e+02,1.950000000000000000e+01
5.364447802849003892e+02,1.980000000000000071e+01
5.362771534987003861e+02,1.919999999999999929e+01
5.360832815160053997e+02,1.919999999999999929e+01
5.361122436069925925e+02,1.980000000000000071e+01
5.363708410412921239e+02,1.900000000000000000e+01
5.364525325034802563e+02,1.900000000000000000e+01
5.364884421881333765e+02,1.880000000000000071e+01
5.365279589157835289e+02,1.889999999999999858e+01
5.367100309464694874e+02,1.889999999999999858e+01
5.366633556919115335e+02,1.889999999999999858e+01
5.367506911327600392e+02,1.889999999999999858e+01
5.369058713109232031e+02,1.889999999999999858e+01
5.369459256272501761e+02,1.889999999999999858e+01
5.368624346841725128e+02,1.889999999999999858e+01
5.369781982996138368e+02,1.889999999999999858e+01
5.369576119050295802e+02,1.889999999999999858e+01
5.368819260837136653e+02,1.889999999999999858e+01
5.368626616180691826e+02,1.889999999999999858e+01
5.369402069716986716e+02,1.880000000000000071e+01
5.370337329049654045e+02,1.900000000000000000e+01
5.371110928704706566e+02,1.900000000000000000e+01
5.370697658757738964e+02,1.900000000000000000e+01
5.367816988735887662e+02,1.900000000000000000e+01
5.369358260966660055e+02,1.900000000000000000e+01
5.368484667169996101e+02,1.880000000000000071e+01
5.369800919866581808e+02,1.880000000000000071e+01
5.370223398932184864e+02,1.880000000000000071e+01
5.369881316237102737e+02,1.880000000000000071e+01
5.370038083963858071e+02,1.880000000000000071e+01
5.368425141264704052e+02,1.880000000000000071e+01
5.369204567265168180e+02,1.880000000000000071e+01
5.370771038592113200e+02,nan
5.365868458662431522e+02,nan
5.365663809320113842e+02,1.880000000000000071e+01
5.366890330537162299e+02,1.860000000000000142e+01
5.368318494438342441e+02,1.880000000000000071e+01
5.369798634568976468e+02,1.880000000000000071e+01
5.369976377739577629e+02,nan
5.371402751636496760e+02,1.839999999999999858e+01
5.372000872903827258e+02,1.839999999999999858e+01
5.371034494436720479e+02,1.810000000000000142e+01
5.372449688613889975e+02,1.810000000000000142e+01
5.372449688613889975e+02,1.800000000000000000e+01
5.372379896634092802e+02,1.800000000000000000e+01
5.371848987970911367e+02,1.800000000000000000e+01
5.371154589523920322e+02,1.800000000000000000e+01
5.372188682288533528e+02,1.800000000000000000e+01
5.375545665258949839e+02,1.800000000000000000e+01
5.377472922497933041e+02,1.800000000000000000e+01
5.376869070673667466e+02,1.800000000000000000e+01
5.376743694381648311e+02,1.800000000000000000e+01
5.376832683979903322e+02,1.800000000000000000e+01
5.376509630564816007e+02,1.800000000000000000e+01
5.380031865010289494e+02,1.800000000000000000e+01
5.380936386787954007e+02,1.800000000000000000e+01
5.382774341900197896e+02,1.800000000000000000e+01
5.383948976810294198e+02,1.800000000000000000e+01
5.385545039370645100e+02,1.800000000000000000e+01
5.386251245945967412e+02,1.800000000000000000e+01
5.386472578391642401e+02,1.800000000000000000e+01
5.388317021384337977e+02,1.800000000000000000e+01
5.384156220428816368e+02,1.800000000000000000e+01
5.386985503882555122e+02,1.800000000000000000e+01
5.386466520762503478e+02,1.800000000000000000e+01
5.386221867974775250e+02,1.800000000000000000e+01
5.385288531242077852e+02,1.800000000000000000e+01
5.385509534170737425e+02,1.800000000000000000e+01
5.383630327490088803e+02,1.800000000000000000e+01
5.384160488765495529e+02,1.800000000000000000e+01
5.386450429372696362e+02,1.800000000000000000e+01
5.386270856972251977e+02,1.800000000000000000e+01
5.386270225543148626e+02,1.800000000000000000e+01
5.385645794419306185e+02,1.800000000000000000e+01
5.387284513255267484e+02,1.800000000000000000e+01
5.388045114024970417e+02,1.800000000000000000e+01
5.386306304794449034e+02,1.800000000000000000e+01
5.385365880560805181e+02,1.800000000000000000e+01
5.386675930477125576e+02,1.800000000000000000e+01
5.386720652728849927e+02,1.800000000000000000e+01
5.390183324976391077e+02,1.800000000000000000e+01
5.398432440779554327e+02,1.800000000000000000e+01
5.416092937472544691e+02,1.880000000000000071e+01
5.431246438133217680e+02,nan
5.450415942339154753e+02,1.789999999999999858e+01
5.471667359517387013e+02,1.789999999999999858e+01
5.496381657041479230e+02,nan
5.513326163835255329e+02,1.789999999999999858e+01
5.553850748414159852e+02,1.590000000000000036e+01
5.599331719217091177e+02,1.419999999999999929e+01
5.642046049172705580e+02,1.300000000000000000e+01
5.658722450965261714e+02,1.300000000000000000e+01
5.673834366275382308e+02,1.380000000000000071e+01
5.686640885306456994e+02,1.180000000000000071e+01
5.701896763441434359e+02,nan
5.716055523642913840e+02,1.090000000000000036e+01
5.726647237391116505e+02,1.090000000000000036e+01
5.743981997139402438e+02,1.090000000000000036e+01
5.773812973662560353e+02,9.800000000000000711e+00
5.788539275544393377e+02,8.800000000000000711e+00
5.802698483044755449e+02,8.800000000000000711e+00
5.821351469914252448e+02,nan
5.835069637711433188e+02,8.800000000000000711e+00
5.851549875106779837e+02,8.800000000000000711e+00
5.868839226110119398e+02,nan
5.881571028429176522e+02,8.599999999999999645e+00
5.897086638982625573e+02,8.599999999999999645e+00
5.913859863379296939e+02,6.599999999999999645e+00
5.933074408089287317e+02,6.599999999999999645e+00
5.953294053878903469e+02,6.599999999999999645e+00
5.971660624468413516e+02,5.599999999999999645e+00
5.982078546547053293e+02,5.599999999999999645e+00
6.009069519563568065e+02,4.599999999999999645e+00
6.042186921695822548e+02,3.899999999999999911e+00
6.054723811661723403e+02,3.799999999999999822e+00
6.066919757191013787e+02,3.799999999999999822e+00
6.078731649805049528e+02,nan
6.095576175366753660e+02,3.799999999999999822e+00
6.127714180211658004e+02,0.000000000000000000e+00
6.138574420175626756e+02,0.000000000000000000e+00
6.151417223873163493e+02,0.000000000000000000e+00
6.163454523140744641e+02,0.000000000000000000e+00
6.176797771363518450e+02,0.000000000000000000e+00
6.185003073615496305e+02,0.000000000000000000e+00
6.200043507367222446e+02,0.000000000000000000e+00
6.208150995208843597e+02,0.000000000000000000e+00
6.218238689113679811e+02,0.000000000000000000e+00
6.226457780257245531e+02,0.000000000000000000e+00
6.235783155121515620e+02,0.000000000000000000e+00
6.242201642207417080e+02,0.000000000000000000e+00
6.246033980154509209e+02,0.000000000000000000e+00
6.252264601377652298e+02,0.000000000000000000e+00
6.259033229449958071e+02,0.000000000000000000e+00
6.262917119356980038e+02,0.000000000000000000e+00
6.279521282172927386e+02,0.000000000000000000e+00
6.286838892742990765e+02,0.000000000000000000e+00
6.290582940946979988e+02,0.000000000000000000e+00
